customer_id,age,gender,city,signup_date,membership_type
CUST_0001,56,Male,Pune,2025-07-08 03:38:37,Regular
CUST_0002,46,Female,Chennai,2025-08-07 23:03:12,Regular
CUST_0003,32,Male,Delhi,2025-10-04 13:45:34,Regular
CUST_0004,60,Female,Pune,2025-11-01 05:35:20,Regular
CUST_0005,25,Female,Mumbai,2025-06-02 03:42:14,Regular
CUST_0006,38,Female,Hyderabad,2024-07-28 22:28:39,Regular
CUST_0007,56,Male,Delhi,2025-08-02 22:51:36,Regular
CUST_0008,36,Male,Delhi,2024-08-30 19:29:41,Regular
CUST_0009,40,Male,Chennai,2024-04-02 04:20:43,Regular
CUST_0010,28,Female,Delhi,2025-09-08 00:55:48,Regular
CUST_0011,28,Female,Mumbai,2024-09-05 04:40:21,Premium
CUST_0012,41,Other,Mumbai,2025-02-06 05:13:14,Regular
CUST_0013,53,Male,Bengaluru,2025-02-04 11:16:33,Regular
CUST_0014,57,Female,Mumbai,2025-10-21 19:08:19,Regular
CUST_0015,41,Female,Pune,2024-02-24 06:21:22,Regular
CUST_0016,20,Male,Delhi,2025-04-29 23:34:14,Regular
CUST_0017,39,Male,Mumbai,2025-07-14 22:46:32,Regular
CUST_0018,19,Female,Chennai,2025-04-14 04:33:56,Premium
CUST_0019,41,Female,Bengaluru,2024-04-27 16:31:33,Regular
CUST_0020,61,Female,Delhi,2025-01-19 12:24:25,Premium
CUST_0021,47,Male,Bengaluru,2025-08-27 12:05:49,Premium
CUST_0022,55,Female,Delhi,2025-03-19 09:24:11,Regular
CUST_0023,19,Male,Chennai,2025-01-09 06:34:19,Regular
CUST_0024,38,Male,Bengaluru,2024-03-15 19:56:17,Regular
CUST_0025,50,Male,Hyderabad,2025-04-04 07:17:51,Regular
CUST_0026,29,Female,Pune,2025-05-08 05:50:58,Premium
CUST_0027,39,Female,Pune,2025-09-19 12:14:58,Regular
CUST_0028,61,Female,Delhi,2025-11-17 14:45:47,Regular
CUST_0029,42,Male,Hyderabad,2024-02-26 17:40:59,Premium
CUST_0030,44,Female,Bengaluru,2025-05-31 06:03:58,Regular
CUST_0031,59,Male,Hyderabad,2025-04-09 20:12:24,Regular
CUST_0032,45,Female,Hyderabad,2025-03-28 20:55:26,Regular
CUST_0033,33,Male,Bengaluru,2024-09-11 16:43:02,Regular
CUST_0034,32,Male,Chennai,2024-11-12 11:54:15,Premium
CUST_0035,64,Male,Hyderabad,2025-12-29 08:33:14,Regular
CUST_0036,61,Male,Hyderabad,2024-07-21 12:10:23,Regular
CUST_0037,20,Female,Chennai,2025-09-03 22:03:11,Regular
CUST_0038,54,Female,Hyderabad,2025-08-09 10:52:41,Regular
CUST_0039,24,Male,Hyderabad,2025-06-14 18:33:30,Regular
CUST_0040,38,Female,Hyderabad,2024-12-30 02:04:40,Regular
CUST_0041,26,Male,Pune,2025-08-09 08:21:09,Regular
CUST_0042,56,Female,Mumbai,2024-05-02 07:55:15,Premium
CUST_0043,35,Female,Chennai,2024-04-26 18:44:11,Regular
CUST_0044,21,Female,Hyderabad,2024-02-14 23:43:28,Regular
CUST_0045,42,Male,Pune,2025-05-21 10:16:55,Regular
CUST_0046,31,Female,Chennai,2025-08-03 16:26:09,Premium
CUST_0047,26,Female,Delhi,2025-06-11 10:28:07,Regular
CUST_0048,43,Male,Delhi,2025-04-11 04:48:27,Regular
CUST_0049,19,Male,Hyderabad,2025-03-06 05:01:24,Premium
CUST_0050,37,Female,Pune,2024-09-11 07:02:30,Regular
CUST_0051,45,Female,Pune,2024-04-07 21:16:51,Regular
CUST_0052,64,Female,Chennai,2025-11-03 12:03:48,Regular
CUST_0053,24,Female,Chennai,2025-08-14 21:23:12,Regular
CUST_0054,61,Female,Pune,2024-04-15 18:09:04,Premium
CUST_0055,25,Male,Chennai,2025-03-30 13:44:14,Regular
CUST_0056,64,Male,Pune,2025-11-18 17:29:55,Regular
CUST_0057,52,Male,Mumbai,2025-08-01 19:37:54,Premium
CUST_0058,31,Female,Pune,2025-05-03 07:00:44,Regular
CUST_0059,34,Male,Delhi,2024-03-21 06:01:45,Regular
CUST_0060,53,Female,Chennai,2024-09-15 08:43:39,Regular
CUST_0061,57,Female,Pune,2024-07-13 09:08:33,Regular
CUST_0062,21,Female,Pune,2025-08-14 16:01:31,Regular
CUST_0063,19,Male,Chennai,2024-11-29 13:48:18,Regular
CUST_0064,23,Female,Mumbai,2025-09-12 08:13:30,Regular
CUST_0065,59,Male,Mumbai,2025-06-24 13:47:26,Regular
CUST_0066,21,Female,Chennai,2025-04-02 22:12:46,Premium
CUST_0067,46,Male,Bengaluru,2025-06-04 11:30:34,Regular
CUST_0068,35,Male,Chennai,2024-06-16 23:10:53,Regular
CUST_0069,43,Female,Chennai,2024-04-21 07:02:34,Regular
CUST_0070,61,Male,Mumbai,2025-12-13 23:16:00,Regular
CUST_0071,51,Male,Mumbai,2025-01-08 07:40:32,Regular
CUST_0072,27,Female,Chennai,2024-09-17 18:17:09,Regular
CUST_0073,53,Female,Chennai,2024-06-17 11:49:19,Regular
CUST_0074,31,Female,Chennai,2025-08-20 23:27:00,Premium
CUST_0075,48,Female,Mumbai,2024-09-16 10:10:41,Regular
CUST_0076,32,Female,Chennai,2025-11-06 23:28:47,Premium
CUST_0077,25,Male,Chennai,2024-04-14 05:14:31,Regular
CUST_0078,31,Male,Hyderabad,2024-06-30 23:42:03,Premium
CUST_0079,40,Male,Bengaluru,2025-09-28 23:01:57,Regular
CUST_0080,57,Female,Delhi,2024-02-13 13:50:56,Premium
CUST_0081,38,Female,Bengaluru,2025-07-26 02:59:42,Regular
CUST_0082,33,Male,Hyderabad,2024-02-08 11:41:55,Regular
CUST_0083,62,Male,Delhi,2025-07-06 06:25:52,Regular
CUST_0084,35,Female,Chennai,2024-06-11 19:32:01,Regular
CUST_0085,64,Male,Hyderabad,2024-03-01 09:11:32,Regular
CUST_0086,41,Female,Chennai,2025-04-29 00:23:57,Regular
CUST_0087,43,Female,Mumbai,2025-08-15 03:13:59,Regular
CUST_0088,42,Female,Pune,2025-03-08 14:01:59,Regular
CUST_0089,62,Male,Hyderabad,2024-09-28 04:12:42,Regular
CUST_0090,58,Female,Mumbai,2024-02-02 22:37:54,Regular
CUST_0091,46,Female,Hyderabad,2025-06-25 11:08:58,Premium
CUST_0092,32,Female,Hyderabad,2025-06-20 07:50:04,Regular
CUST_0093,62,Female,Mumbai,2025-04-02 16:02:11,Premium
CUST_0094,18,Female,Delhi,2024-10-03 00:02:33,Regular
CUST_0095,42,Female,Bengaluru,2025-01-20 01:21:30,Premium
CUST_0096,24,Male,Chennai,2024-10-12 06:58:53,Premium
CUST_0097,26,Female,Hyderabad,2024-07-06 00:38:02,Regular
CUST_0098,41,Female,Chennai,2025-10-07 13:48:47,Regular
CUST_0099,18,Male,Pune,2025-01-27 17:20:26,Regular
CUST_0100,61,Female,Mumbai,2024-07-06 15:40:25,Premium
CUST_0101,25,Female,Chennai,2024-08-27 01:41:06,Regular
CUST_0102,41,Female,Mumbai,2025-01-19 02:47:13,Regular
CUST_0103,28,Male,Chennai,2024-02-05 02:35:49,Regular
CUST_0104,34,Male,Bengaluru,2024-11-04 21:08:10,Premium
CUST_0105,25,Other,Bengaluru,2024-11-15 23:27:56,Premium
CUST_0106,52,Female,Bengaluru,2024-09-25 08:04:30,Premium
CUST_0107,52,Male,Bengaluru,2024-06-21 19:16:04,Regular
CUST_0108,50,Female,Bengaluru,2025-02-01 10:08:29,Regular
CUST_0109,22,Female,Bengaluru,2024-09-07 22:14:01,Regular
CUST_0110,59,Female,Mumbai,2025-04-15 04:02:44,Regular
CUST_0111,56,Female,Hyderabad,2024-12-31 15:08:41,Regular
CUST_0112,58,Male,Chennai,2024-12-02 05:43:24,Regular
CUST_0113,45,Male,Bengaluru,2025-07-01 21:44:04,Regular
CUST_0114,24,Male,Mumbai,2024-05-18 21:10:01,Regular
CUST_0115,26,Female,Mumbai,2024-03-13 21:51:32,Premium
CUST_0116,25,Male,Mumbai,2024-09-18 07:09:22,Regular
CUST_0117,29,Male,Hyderabad,2025-10-28 07:12:22,Premium
CUST_0118,51,Male,Chennai,2024-11-25 11:09:57,Regular
CUST_0119,50,Female,Hyderabad,2025-04-01 23:31:15,Regular
CUST_0120,40,Female,Delhi,2025-06-05 02:40:17,Regular
CUST_0121,41,Male,Mumbai,2025-12-07 06:02:35,Regular
CUST_0122,54,Male,Delhi,2025-12-03 11:04:40,Regular
CUST_0123,52,Female,Pune,2025-05-15 21:58:52,Regular
CUST_0124,61,Male,Bengaluru,2024-12-21 16:46:04,Regular
CUST_0125,57,Male,Bengaluru,2025-10-14 13:31:38,Regular
CUST_0126,39,Male,Hyderabad,2025-02-02 04:53:02,Regular
CUST_0127,44,Male,Chennai,2025-06-28 18:57:01,Premium
CUST_0128,52,Male,Delhi,2025-12-20 21:34:43,Premium
CUST_0129,18,Female,Chennai,2025-06-06 13:11:08,Regular
CUST_0130,52,Male,Hyderabad,2024-04-09 00:44:15,Regular
CUST_0131,54,Female,Bengaluru,2025-09-01 13:15:27,Premium
CUST_0132,64,Male,Chennai,2025-01-28 09:38:29,Premium
CUST_0133,31,Female,Chennai,2025-05-19 22:29:23,Regular
CUST_0134,20,Female,Bengaluru,2025-07-18 15:48:20,Premium
CUST_0135,18,Male,Delhi,2025-11-03 02:02:12,Regular
CUST_0136,22,Female,Bengaluru,2025-03-29 18:39:36,Premium
CUST_0137,43,Male,Chennai,2024-12-05 20:14:40,Premium
CUST_0138,31,Other,Delhi,2024-02-20 02:01:48,Regular
CUST_0139,56,Male,Delhi,2025-06-03 17:04:33,Regular
CUST_0140,44,Male,Bengaluru,2025-08-23 20:17:48,Premium
CUST_0141,26,Male,Chennai,2025-08-14 15:25:09,Regular
CUST_0142,32,Other,Hyderabad,2025-09-14 23:45:56,Regular
CUST_0143,32,Female,Chennai,2024-10-01 15:32:10,Premium
CUST_0144,43,Female,Mumbai,2025-06-02 04:34:30,Regular
CUST_0145,59,Male,Pune,2024-05-26 05:10:10,Regular
CUST_0146,30,Female,Hyderabad,2025-09-10 04:18:10,Regular
CUST_0147,49,Male,Delhi,2024-09-28 07:56:25,Regular
CUST_0148,56,Female,Hyderabad,2025-12-12 14:25:37,Regular
CUST_0149,49,Male,Delhi,2025-04-09 00:58:07,Regular
CUST_0150,21,Male,Delhi,2024-10-19 17:31:24,Regular
CUST_0151,47,Male,Hyderabad,2024-12-20 03:04:18,Regular
CUST_0152,54,Male,Delhi,2024-09-20 06:17:29,Regular
CUST_0153,40,Female,Delhi,2025-06-19 12:11:28,Regular
CUST_0154,56,Male,Mumbai,2025-01-05 03:51:48,Regular
CUST_0155,62,Female,Chennai,2025-12-12 23:58:37,Regular
CUST_0156,32,Male,Chennai,2024-10-01 00:27:42,Regular
CUST_0157,60,Female,Pune,2024-08-17 19:05:15,Regular
CUST_0158,46,Male,Pune,2024-02-02 22:03:00,Regular
CUST_0159,53,Male,Mumbai,2025-10-22 18:25:47,Premium
CUST_0160,30,Female,Pune,2024-05-07 10:23:06,Regular
CUST_0161,49,Male,Hyderabad,2025-06-22 13:15:18,Regular
CUST_0162,24,Male,Bengaluru,2025-11-05 22:46:27,Regular
CUST_0163,39,Female,Bengaluru,2024-06-24 07:55:30,Regular
CUST_0164,45,Female,Bengaluru,2025-03-22 23:55:44,Regular
CUST_0165,19,Male,Mumbai,2024-04-26 10:50:03,Regular
CUST_0166,59,Male,Mumbai,2024-08-29 13:31:42,Regular
CUST_0167,62,Female,Delhi,2025-12-06 17:19:19,Regular
CUST_0168,23,Male,Bengaluru,2024-11-21 06:59:46,Regular
CUST_0169,45,Male,Hyderabad,2025-05-06 22:58:20,Regular
CUST_0170,45,Male,Pune,2024-03-02 08:35:58,Regular
CUST_0171,61,Female,Hyderabad,2024-07-30 14:42:41,Regular
CUST_0172,61,Female,Pune,2024-08-12 19:56:58,Regular
CUST_0173,37,Male,Bengaluru,2024-07-26 23:42:27,Regular
CUST_0174,47,Male,Bengaluru,2025-07-08 11:00:02,Regular
CUST_0175,28,Male,Bengaluru,2024-02-26 14:04:44,Regular
CUST_0176,45,Female,Mumbai,2025-04-15 22:11:28,Regular
CUST_0177,42,Male,Pune,2024-01-11 02:05:22,Regular
CUST_0178,56,Male,Mumbai,2024-09-21 04:45:47,Regular
CUST_0179,50,Female,Mumbai,2024-06-28 16:07:45,Regular
CUST_0180,18,Male,Chennai,2025-11-28 11:35:03,Regular
CUST_0181,44,Female,Hyderabad,2025-10-24 07:05:57,Premium
CUST_0182,30,Male,Hyderabad,2024-12-07 21:00:40,Regular
CUST_0183,58,Male,Delhi,2025-07-14 07:17:43,Premium
CUST_0184,20,Male,Mumbai,2025-07-15 00:06:17,Regular
CUST_0185,56,Female,Pune,2025-02-17 14:45:38,Regular
CUST_0186,23,Female,Chennai,2025-11-17 14:28:52,Regular
CUST_0187,25,Female,Chennai,2025-08-22 21:43:02,Regular
CUST_0188,44,Male,Hyderabad,2024-08-12 07:55:00,Regular
CUST_0189,26,Female,Mumbai,2024-12-31 19:48:23,Premium
CUST_0190,54,Male,Delhi,2025-02-12 02:21:15,Regular
CUST_0191,50,Male,Mumbai,2025-03-13 20:05:24,Premium
CUST_0192,59,Female,Bengaluru,2024-12-03 19:59:12,Regular
CUST_0193,61,Male,Mumbai,2025-01-20 17:41:56,Regular
CUST_0194,41,Male,Bengaluru,2025-08-08 07:37:07,Regular
CUST_0195,32,Male,Bengaluru,2024-02-04 10:33:25,Regular
CUST_0196,49,Male,Delhi,2025-03-23 09:06:26,Regular
CUST_0197,49,Male,Pune,2025-01-01 11:35:26,Regular
CUST_0198,41,Female,Hyderabad,2025-06-26 00:47:59,Regular
CUST_0199,58,Male,Mumbai,2024-06-08 07:15:00,Regular
CUST_0200,29,Female,Bengaluru,2024-09-23 23:21:05,Regular
CUST_0201,56,Female,Mumbai,2024-06-17 16:17:14,Premium
CUST_0202,19,Male,Pune,2025-04-27 17:21:57,Regular
CUST_0203,20,Male,Hyderabad,2024-04-16 05:05:48,Premium
CUST_0204,54,Male,Pune,2024-09-22 12:33:50,Premium
CUST_0205,34,Female,Hyderabad,2025-06-10 15:19:39,Premium
CUST_0206,19,Male,Chennai,2024-11-30 15:04:21,Regular
CUST_0207,19,Female,Hyderabad,2024-10-07 23:30:28,Regular
CUST_0208,45,Male,Delhi,2025-07-24 22:11:01,Premium
CUST_0209,40,Female,Pune,2025-04-05 07:21:46,Regular
CUST_0210,54,Male,Bengaluru,2024-05-01 15:57:26,Regular
CUST_0211,49,Male,Chennai,2025-06-24 03:41:56,Regular
CUST_0212,50,Female,Delhi,2025-10-06 06:40:16,Regular
CUST_0213,18,Female,Mumbai,2025-03-17 11:19:19,Regular
CUST_0214,36,Male,Pune,2025-05-19 04:33:23,Regular
CUST_0215,19,Female,Bengaluru,2025-11-09 21:31:20,Premium
CUST_0216,61,Female,Hyderabad,2024-04-13 22:09:49,Regular
CUST_0217,43,Female,Bengaluru,2024-06-08 15:10:49,Premium
CUST_0218,49,Female,Mumbai,2024-11-21 05:00:59,Regular
CUST_0219,23,Male,Chennai,2024-02-12 15:18:29,Regular
CUST_0220,49,Male,Chennai,2025-02-10 04:20:32,Regular
CUST_0221,21,Male,Pune,2025-07-31 05:49:38,Regular
CUST_0222,28,Female,Chennai,2025-04-19 18:18:58,Premium
CUST_0223,34,Female,Pune,2025-10-03 09:10:49,Regular
CUST_0224,55,Male,Pune,2025-08-31 07:45:51,Regular
CUST_0225,41,Male,Pune,2025-12-29 14:59:55,Regular
CUST_0226,22,Female,Hyderabad,2024-08-17 17:19:47,Regular
CUST_0227,51,Other,Delhi,2024-07-26 10:01:03,Regular
CUST_0228,23,Female,Pune,2025-01-10 14:46:29,Regular
CUST_0229,39,Male,Pune,2025-06-11 06:04:46,Regular
CUST_0230,28,Male,Delhi,2024-10-04 00:13:42,Premium
CUST_0231,33,Male,Bengaluru,2024-01-17 09:35:53,Regular
CUST_0232,50,Female,Pune,2024-12-16 02:50:11,Regular
CUST_0233,26,Male,Hyderabad,2024-08-13 08:44:21,Regular
CUST_0234,23,Female,Chennai,2024-12-04 23:33:30,Premium
CUST_0235,33,Male,Chennai,2024-01-05 21:01:20,Regular
CUST_0236,46,Female,Mumbai,2024-01-11 12:34:05,Regular
CUST_0237,20,Female,Mumbai,2025-08-09 11:47:35,Regular
CUST_0238,37,Female,Chennai,2024-07-04 02:33:58,Premium
CUST_0239,53,Male,Chennai,2025-07-27 16:21:34,Regular
CUST_0240,36,Male,Hyderabad,2025-08-19 18:53:14,Premium
CUST_0241,43,Male,Delhi,2025-07-14 12:08:42,Regular
CUST_0242,20,Female,Mumbai,2025-09-12 14:50:39,Regular
CUST_0243,36,Female,Delhi,2025-01-30 05:17:44,Premium
CUST_0244,37,Female,Hyderabad,2024-05-23 19:35:14,Regular
CUST_0245,49,Female,Chennai,2024-12-12 07:18:40,Premium
CUST_0246,24,Female,Pune,2024-11-04 07:26:42,Premium
CUST_0247,58,Male,Delhi,2024-07-09 06:27:00,Premium
CUST_0248,50,Female,Chennai,2025-08-18 23:50:37,Regular
CUST_0249,57,Male,Chennai,2024-05-21 21:17:14,Premium
CUST_0250,56,Male,Bengaluru,2024-03-07 07:46:25,Regular
CUST_0251,35,Female,Delhi,2024-10-23 01:35:23,Premium
CUST_0252,57,Male,Pune,2025-02-19 22:11:58,Regular
CUST_0253,18,Male,Delhi,2025-12-23 04:20:14,Premium
CUST_0254,28,Female,Chennai,2025-10-22 05:45:18,Regular
CUST_0255,45,Male,Pune,2025-07-02 06:02:43,Regular
CUST_0256,42,Female,Hyderabad,2025-04-27 21:39:18,Regular
CUST_0257,40,Male,Bengaluru,2024-05-25 06:15:08,Premium
CUST_0258,48,Male,Chennai,2025-01-19 10:17:06,Regular
CUST_0259,47,Male,Mumbai,2025-10-06 23:11:43,Regular
CUST_0260,59,Male,Mumbai,2025-08-06 23:51:26,Premium
CUST_0261,52,Female,Bengaluru,2025-09-18 04:17:11,Regular
CUST_0262,24,Male,Hyderabad,2025-05-22 15:21:23,Regular
CUST_0263,33,Female,Chennai,2024-06-06 11:23:24,Regular
CUST_0264,43,Male,Delhi,2024-03-23 00:18:24,Regular
CUST_0265,19,Female,Bengaluru,2024-06-09 00:14:40,Regular
CUST_0266,18,Female,Hyderabad,2024-03-18 13:02:24,Regular
CUST_0267,29,Female,Delhi,2024-05-02 13:06:39,Regular
CUST_0268,22,Male,Mumbai,2024-10-25 15:05:43,Regular
CUST_0269,54,Male,Mumbai,2025-02-24 18:51:17,Regular
CUST_0270,49,Male,Delhi,2024-10-27 15:01:22,Regular
CUST_0271,26,Female,Bengaluru,2025-06-21 19:38:34,Regular
CUST_0272,58,Male,Mumbai,2025-06-02 14:26:20,Premium
CUST_0273,52,Female,Chennai,2024-05-18 08:17:50,Regular
CUST_0274,36,Female,Pune,2024-03-20 03:56:29,Regular
CUST_0275,33,Male,Delhi,2024-04-09 04:42:36,Premium
CUST_0276,20,Female,Delhi,2024-08-12 01:47:10,Premium
CUST_0277,37,Male,Mumbai,2024-06-22 13:02:07,Regular
CUST_0278,41,Male,Bengaluru,2025-09-18 04:05:05,Regular
CUST_0279,50,Female,Chennai,2025-02-06 07:53:03,Premium
CUST_0280,41,Female,Bengaluru,2025-01-01 23:32:37,Regular
CUST_0281,28,Female,Hyderabad,2024-01-12 00:54:52,Premium
CUST_0282,25,Male,Hyderabad,2024-07-15 16:49:46,Regular
CUST_0283,53,Male,Pune,2025-09-21 23:52:34,Premium
CUST_0284,55,Female,Mumbai,2024-09-07 03:55:33,Regular
CUST_0285,57,Female,Mumbai,2025-07-30 16:44:57,Regular
CUST_0286,37,Female,Mumbai,2025-04-14 00:32:41,Regular
CUST_0287,52,Male,Pune,2025-01-10 00:28:47,Regular
CUST_0288,42,Female,Hyderabad,2024-05-05 07:10:53,Regular
CUST_0289,52,Male,Bengaluru,2024-07-10 03:35:48,Premium
CUST_0290,42,Male,Pune,2024-12-28 18:36:59,Premium
CUST_0291,46,Female,Pune,2025-01-10 22:03:45,Regular
CUST_0292,35,Male,Bengaluru,2024-09-19 14:03:20,Premium
CUST_0293,63,Female,Mumbai,2025-10-14 22:30:47,Premium
CUST_0294,35,Male,Chennai,2025-12-11 21:58:58,Regular
CUST_0295,19,Male,Bengaluru,2025-01-11 19:15:03,Regular
CUST_0296,52,Female,Hyderabad,2025-10-05 21:39:41,Regular
CUST_0297,33,Female,Delhi,2024-08-02 21:33:44,Regular
CUST_0298,58,Female,Delhi,2025-08-26 16:22:53,Regular
CUST_0299,53,Female,Pune,2025-03-16 14:18:22,Premium
CUST_0300,50,Female,Delhi,2024-11-02 18:19:14,Regular
CUST_0301,21,Female,Chennai,2025-10-30 09:32:02,Premium
CUST_0302,50,Female,Mumbai,2025-10-15 17:46:25,Regular
CUST_0303,31,Male,Hyderabad,2024-09-02 21:09:27,Regular
CUST_0304,38,Female,Chennai,2025-05-25 16:55:53,Premium
CUST_0305,37,Male,Hyderabad,2024-01-18 02:46:08,Premium
CUST_0306,25,Other,Hyderabad,2025-08-03 23:19:03,Regular
CUST_0307,24,Female,Mumbai,2025-10-26 14:18:46,Regular
CUST_0308,20,Male,Pune,2024-04-25 04:57:01,Regular
CUST_0309,34,Female,Delhi,2025-12-12 14:47:34,Regular
CUST_0310,50,Female,Mumbai,2025-10-03 20:32:02,Regular
CUST_0311,29,Male,Chennai,2024-06-22 17:07:12,Regular
CUST_0312,39,Female,Pune,2025-11-09 21:54:43,Regular
CUST_0313,39,Female,Chennai,2024-10-26 05:39:36,Regular
CUST_0314,63,Male,Pune,2025-01-28 00:36:52,Regular
CUST_0315,47,Female,Chennai,2024-10-30 06:56:00,Regular
CUST_0316,55,Male,Mumbai,2024-11-20 14:02:54,Regular
CUST_0317,55,Female,Pune,2024-04-20 14:52:20,Regular
CUST_0318,62,Other,Pune,2024-10-08 15:34:36,Premium
CUST_0319,25,Female,Hyderabad,2024-06-19 09:39:51,Regular
CUST_0320,44,Male,Hyderabad,2024-06-12 22:24:04,Premium
CUST_0321,44,Female,Bengaluru,2025-04-13 14:24:59,Regular
CUST_0322,51,Female,Chennai,2024-04-23 20:41:35,Regular
CUST_0323,38,Male,Hyderabad,2025-09-03 20:12:56,Regular
CUST_0324,47,Female,Bengaluru,2024-01-25 09:42:22,Regular
CUST_0325,50,Male,Hyderabad,2025-04-13 11:35:28,Regular
CUST_0326,45,Female,Chennai,2024-04-17 22:37:23,Premium
CUST_0327,64,Male,Pune,2025-09-15 01:57:54,Regular
CUST_0328,50,Male,Delhi,2024-07-29 05:31:45,Regular
CUST_0329,22,Male,Chennai,2025-06-13 14:52:46,Regular
CUST_0330,36,Female,Mumbai,2025-06-04 22:47:03,Regular
CUST_0331,21,Male,Hyderabad,2025-02-25 07:17:42,Regular
CUST_0332,52,Female,Hyderabad,2024-06-10 16:44:56,Regular
CUST_0333,34,Male,Pune,2024-08-06 16:47:29,Regular
CUST_0334,61,Male,Mumbai,2024-03-05 06:38:55,Regular
CUST_0335,45,Female,Pune,2024-02-12 13:50:21,Regular
CUST_0336,47,Female,Mumbai,2025-03-17 02:26:38,Regular
CUST_0337,46,Male,Delhi,2024-06-23 11:24:21,Regular
CUST_0338,63,Female,Hyderabad,2025-04-05 10:24:10,Regular
CUST_0339,23,Female,Hyderabad,2024-09-09 01:22:42,Premium
CUST_0340,52,Female,Delhi,2024-04-22 02:43:19,Regular
CUST_0341,58,Male,Bengaluru,2024-03-21 16:25:38,Premium
CUST_0342,54,Male,Pune,2024-12-18 10:29:33,Premium
CUST_0343,41,Female,Delhi,2025-07-18 17:15:39,Regular
CUST_0344,46,Male,Pune,2025-12-23 19:41:00,Regular
CUST_0345,63,Female,Chennai,2025-05-21 10:47:08,Premium
CUST_0346,48,Female,Hyderabad,2025-05-24 20:13:19,Regular
CUST_0347,52,Female,Pune,2025-05-02 23:30:41,Regular
CUST_0348,50,Female,Mumbai,2024-10-29 16:09:16,Regular
CUST_0349,38,Other,Pune,2024-04-08 22:25:00,Regular
CUST_0350,49,Male,Chennai,2024-12-23 11:26:10,Regular
CUST_0351,40,Female,Hyderabad,2024-12-11 13:34:50,Premium
CUST_0352,50,Male,Delhi,2025-04-20 16:33:41,Regular
CUST_0353,20,Male,Chennai,2024-05-13 18:06:07,Regular
CUST_0354,35,Female,Hyderabad,2025-05-05 19:42:57,Premium
CUST_0355,42,Female,Pune,2025-12-14 22:37:27,Regular
CUST_0356,59,Other,Bengaluru,2024-06-25 19:14:24,Premium
CUST_0357,48,Female,Bengaluru,2024-02-01 00:46:46,Regular
CUST_0358,20,Male,Mumbai,2025-11-24 10:19:13,Regular
CUST_0359,57,Male,Hyderabad,2025-10-21 10:24:41,Premium
CUST_0360,63,Female,Bengaluru,2025-01-25 12:50:03,Regular
CUST_0361,41,Male,Delhi,2024-07-15 22:13:35,Premium
CUST_0362,49,Male,Hyderabad,2025-04-17 17:44:05,Premium
CUST_0363,64,Male,Delhi,2024-06-15 13:55:07,Premium
CUST_0364,39,Male,Delhi,2024-08-15 06:01:37,Regular
CUST_0365,40,Male,Bengaluru,2025-06-01 01:52:01,Premium
CUST_0366,19,Male,Hyderabad,2024-12-13 05:30:01,Regular
CUST_0367,44,Male,Pune,2025-08-31 20:46:04,Regular
CUST_0368,59,Male,Chennai,2025-06-11 03:34:15,Premium
CUST_0369,19,Other,Bengaluru,2025-11-28 22:57:50,Regular
CUST_0370,43,Male,Bengaluru,2025-02-01 01:25:50,Regular
CUST_0371,34,Male,Pune,2025-11-08 18:22:51,Premium
CUST_0372,57,Female,Hyderabad,2024-07-19 02:55:29,Regular
CUST_0373,50,Male,Hyderabad,2025-06-14 22:57:06,Regular
CUST_0374,26,Female,Delhi,2024-11-24 11:20:39,Premium
CUST_0375,60,Female,Pune,2025-07-13 23:46:30,Regular
CUST_0376,56,Male,Pune,2024-12-31 12:32:13,Premium
CUST_0377,46,Male,Hyderabad,2025-08-04 20:07:19,Regular
CUST_0378,59,Female,Delhi,2025-12-20 16:34:05,Regular
CUST_0379,43,Female,Bengaluru,2024-01-27 23:50:14,Regular
CUST_0380,52,Male,Mumbai,2024-11-14 05:47:33,Regular
CUST_0381,42,Female,Chennai,2025-03-23 04:17:32,Regular
CUST_0382,41,Male,Bengaluru,2024-09-12 03:17:58,Premium
CUST_0383,30,Other,Hyderabad,2025-01-17 02:55:48,Regular
CUST_0384,24,Male,Chennai,2025-12-02 04:48:38,Regular
CUST_0385,53,Female,Mumbai,2024-12-27 20:10:40,Regular
CUST_0386,62,Female,Mumbai,2024-04-14 15:53:52,Regular
CUST_0387,37,Female,Delhi,2024-01-27 01:06:37,Regular
CUST_0388,18,Female,Chennai,2025-05-23 14:12:04,Regular
CUST_0389,25,Male,Delhi,2024-04-30 06:11:24,Regular
CUST_0390,63,Male,Bengaluru,2025-04-29 07:58:12,Regular
CUST_0391,33,Male,Pune,2025-07-25 19:42:10,Regular
CUST_0392,31,Male,Pune,2025-11-30 03:06:28,Regular
CUST_0393,29,Female,Pune,2025-05-05 17:04:18,Regular
CUST_0394,40,Male,Chennai,2024-12-23 12:55:20,Regular
CUST_0395,32,Male,Pune,2025-04-22 18:53:12,Premium
CUST_0396,45,Other,Bengaluru,2025-11-04 08:37:41,Regular
CUST_0397,51,Female,Delhi,2024-01-18 01:02:22,Premium
CUST_0398,19,Female,Chennai,2025-11-09 23:54:56,Regular
CUST_0399,49,Other,Delhi,2024-02-21 18:30:14,Regular
CUST_0400,40,Male,Chennai,2024-06-02 07:17:42,Premium
CUST_0401,39,Male,Delhi,2025-01-10 17:36:31,Regular
CUST_0402,42,Female,Mumbai,2025-08-12 01:17:49,Premium
CUST_0403,39,Female,Delhi,2024-02-10 20:30:01,Regular
CUST_0404,39,Male,Pune,2025-01-19 17:55:21,Regular
CUST_0405,59,Female,Mumbai,2025-03-20 00:16:35,Regular
CUST_0406,23,Male,Delhi,2025-01-21 20:42:29,Regular
CUST_0407,32,Male,Chennai,2025-04-06 02:28:03,Regular
CUST_0408,60,Female,Chennai,2025-08-24 00:55:47,Regular
CUST_0409,54,Female,Chennai,2025-06-17 23:58:23,Regular
CUST_0410,50,Female,Hyderabad,2025-06-13 14:04:33,Regular
CUST_0411,25,Male,Bengaluru,2025-01-10 15:28:13,Regular
CUST_0412,61,Female,Chennai,2025-05-14 11:23:29,Regular
CUST_0413,61,Male,Mumbai,2025-06-22 05:52:27,Premium
CUST_0414,22,Male,Chennai,2024-01-14 20:11:25,Regular
CUST_0415,56,Female,Hyderabad,2025-05-13 19:58:43,Premium
CUST_0416,21,Female,Pune,2024-11-10 02:55:48,Premium
CUST_0417,23,Female,Mumbai,2024-12-18 02:57:27,Regular
CUST_0418,62,Female,Hyderabad,2025-03-09 11:30:22,Regular
CUST_0419,49,Female,Pune,2024-10-06 16:02:29,Regular
CUST_0420,47,Female,Mumbai,2024-02-09 05:14:05,Regular
CUST_0421,64,Male,Delhi,2024-08-13 22:16:30,Regular
CUST_0422,52,Male,Bengaluru,2025-06-09 20:52:19,Regular
CUST_0423,57,Male,Bengaluru,2024-04-21 21:29:48,Regular
CUST_0424,33,Male,Hyderabad,2025-06-08 00:43:38,Regular
CUST_0425,30,Female,Pune,2025-04-28 05:47:02,Regular
CUST_0426,59,Female,Bengaluru,2024-04-04 16:55:35,Regular
CUST_0427,47,Male,Pune,2024-10-14 13:02:09,Regular
CUST_0428,36,Male,Pune,2025-06-21 21:30:51,Premium
CUST_0429,34,Female,Hyderabad,2025-09-04 10:50:30,Regular
CUST_0430,36,Male,Hyderabad,2024-04-28 00:28:14,Regular
CUST_0431,45,Female,Hyderabad,2024-05-30 07:52:45,Regular
CUST_0432,43,Female,Bengaluru,2024-12-13 13:58:57,Regular
CUST_0433,54,Female,Hyderabad,2025-03-14 20:38:41,Regular
CUST_0434,43,Female,Bengaluru,2025-07-14 15:17:11,Regular
CUST_0435,40,Female,Hyderabad,2024-08-14 13:32:17,Regular
CUST_0436,26,Male,Chennai,2024-05-27 17:12:30,Regular
CUST_0437,29,Female,Pune,2025-01-05 16:35:22,Regular
CUST_0438,18,Female,Hyderabad,2024-10-21 09:16:24,Regular
CUST_0439,18,Male,Mumbai,2025-12-10 09:03:07,Regular
CUST_0440,64,Female,Pune,2025-08-10 15:45:52,Premium
CUST_0441,51,Female,Pune,2024-09-09 20:47:10,Premium
CUST_0442,49,Female,Hyderabad,2025-03-23 07:20:24,Regular
CUST_0443,42,Female,Delhi,2024-01-07 16:42:06,Premium
CUST_0444,57,Female,Hyderabad,2024-03-17 12:43:28,Regular
CUST_0445,62,Female,Pune,2025-07-07 05:34:49,Regular
CUST_0446,18,Female,Mumbai,2024-03-28 19:41:16,Regular
CUST_0447,33,Female,Pune,2025-08-15 05:37:21,Regular
CUST_0448,56,Female,Mumbai,2025-06-08 04:09:03,Regular
CUST_0449,22,Female,Bengaluru,2024-07-10 10:59:49,Regular
CUST_0450,39,Female,Chennai,2024-09-10 14:36:00,Regular
CUST_0451,46,Male,Pune,2024-01-10 10:13:42,Premium
CUST_0452,20,Female,Hyderabad,2024-09-12 14:04:07,Premium
CUST_0453,29,Female,Bengaluru,2025-07-11 10:13:05,Regular
CUST_0454,43,Male,Chennai,2025-11-19 03:20:39,Regular
CUST_0455,33,Female,Hyderabad,2024-07-08 21:20:40,Regular
CUST_0456,54,Male,Delhi,2025-08-31 17:44:37,Regular
CUST_0457,39,Male,Hyderabad,2025-09-10 20:04:20,Regular
CUST_0458,46,Female,Mumbai,2024-05-26 13:42:03,Regular
CUST_0459,31,Male,Mumbai,2024-11-20 13:28:24,Regular
CUST_0460,45,Female,Delhi,2024-08-16 04:38:23,Premium
CUST_0461,22,Female,Bengaluru,2024-07-06 09:57:48,Regular
CUST_0462,64,Female,Chennai,2025-03-24 00:11:07,Regular
CUST_0463,47,Male,Hyderabad,2025-02-08 18:14:34,Regular
CUST_0464,63,Male,Mumbai,2025-12-07 14:45:12,Regular
CUST_0465,22,Female,Bengaluru,2024-02-12 16:43:44,Regular
CUST_0466,29,Other,Delhi,2024-09-02 01:37:46,Regular
CUST_0467,33,Female,Pune,2024-08-25 00:47:14,Regular
CUST_0468,43,Male,Mumbai,2024-05-03 11:56:56,Premium
CUST_0469,43,Female,Delhi,2025-12-26 02:51:06,Regular
CUST_0470,38,Female,Hyderabad,2024-12-22 13:41:53,Regular
CUST_0471,56,Female,Chennai,2024-02-12 03:36:11,Regular
CUST_0472,53,Male,Mumbai,2025-04-07 18:15:31,Premium
CUST_0473,50,Female,Mumbai,2025-01-16 21:32:19,Regular
CUST_0474,47,Female,Hyderabad,2024-02-17 05:10:41,Premium
CUST_0475,54,Other,Pune,2024-03-02 23:53:50,Premium
CUST_0476,40,Male,Bengaluru,2024-09-29 14:26:58,Regular
CUST_0477,27,Female,Chennai,2025-08-16 15:51:40,Premium
CUST_0478,22,Female,Mumbai,2024-01-26 07:52:50,Premium
CUST_0479,53,Male,Chennai,2024-07-02 14:05:36,Premium
CUST_0480,51,Female,Mumbai,2024-04-25 00:18:13,Regular
CUST_0481,48,Female,Chennai,2024-04-25 05:32:31,Regular
CUST_0482,27,Male,Delhi,2025-12-19 02:55:51,Regular
CUST_0483,36,Male,Mumbai,2025-06-28 11:55:55,Regular
CUST_0484,49,Female,Chennai,2024-06-11 07:22:26,Regular
CUST_0485,18,Male,Bengaluru,2025-07-08 23:47:48,Regular
CUST_0486,22,Female,Delhi,2024-11-26 10:59:28,Premium
CUST_0487,62,Male,Delhi,2025-07-02 21:19:18,Premium
CUST_0488,21,Female,Bengaluru,2025-04-14 05:12:57,Regular
CUST_0489,33,Male,Chennai,2024-04-15 20:03:40,Premium
CUST_0490,41,Female,Hyderabad,2025-09-20 18:36:16,Premium
CUST_0491,33,Other,Bengaluru,2025-02-16 09:28:27,Regular
CUST_0492,19,Other,Chennai,2025-01-18 08:37:46,Regular
CUST_0493,45,Female,Bengaluru,2024-01-25 18:58:32,Regular
CUST_0494,49,Male,Bengaluru,2024-02-06 09:25:11,Regular
CUST_0495,44,Female,Mumbai,2024-07-16 11:40:38,Regular
CUST_0496,37,Male,Chennai,2024-08-04 21:35:05,Regular
CUST_0497,41,Male,Hyderabad,2025-12-02 16:51:58,Regular
CUST_0498,29,Male,Mumbai,2025-06-16 01:17:10,Regular
CUST_0499,52,Female,Bengaluru,2024-07-29 08:14:12,Premium
CUST_0500,50,Female,Pune,2025-05-08 04:16:20,Regular
CUST_0501,50,Female,Bengaluru,2024-01-26 09:54:50,Premium
CUST_0502,60,Male,Bengaluru,2025-05-18 20:01:16,Premium
CUST_0503,54,Male,Chennai,2025-06-27 10:39:32,Premium
CUST_0504,29,Other,Chennai,2025-10-04 09:08:48,Premium
CUST_0505,20,Male,Mumbai,2025-09-29 00:11:03,Premium
CUST_0506,18,Male,Hyderabad,2025-07-02 16:35:55,Regular
CUST_0507,50,Male,Mumbai,2024-08-16 16:47:06,Regular
CUST_0508,57,Female,Delhi,2025-10-21 18:57:20,Regular
CUST_0509,27,Female,Bengaluru,2024-07-29 10:26:11,Regular
CUST_0510,60,Male,Pune,2024-11-18 05:41:44,Regular
CUST_0511,61,Male,Bengaluru,2024-02-28 12:28:13,Regular
CUST_0512,46,Female,Bengaluru,2024-06-15 04:23:36,Premium
CUST_0513,30,Female,Mumbai,2025-07-31 09:08:36,Premium
CUST_0514,29,Male,Pune,2024-11-26 21:38:27,Premium
CUST_0515,48,Female,Pune,2024-01-29 12:38:42,Regular
CUST_0516,63,Male,Pune,2025-04-09 06:44:34,Regular
CUST_0517,19,Male,Mumbai,2024-06-24 04:33:15,Regular
CUST_0518,52,Female,Bengaluru,2024-03-06 04:06:01,Regular
CUST_0519,40,Male,Mumbai,2025-07-03 16:47:12,Regular
CUST_0520,34,Female,Chennai,2024-02-03 13:51:32,Regular
CUST_0521,43,Male,Chennai,2025-12-06 16:14:45,Premium
CUST_0522,25,Male,Mumbai,2024-07-01 16:13:35,Regular
CUST_0523,46,Other,Pune,2025-05-18 01:46:14,Regular
CUST_0524,43,Male,Bengaluru,2024-01-20 22:35:07,Regular
CUST_0525,27,Female,Mumbai,2024-11-16 09:23:11,Regular
CUST_0526,43,Male,Mumbai,2025-06-23 13:29:12,Regular
CUST_0527,51,Male,Mumbai,2024-12-24 19:05:06,Premium
CUST_0528,58,Male,Delhi,2024-08-15 09:43:10,Regular
CUST_0529,24,Female,Chennai,2024-03-20 15:53:19,Regular
CUST_0530,21,Male,Pune,2024-10-13 05:13:53,Regular
CUST_0531,62,Female,Hyderabad,2025-04-13 11:26:55,Regular
CUST_0532,28,Male,Pune,2025-04-08 21:42:37,Regular
CUST_0533,46,Other,Hyderabad,2024-09-13 06:53:22,Regular
CUST_0534,53,Male,Delhi,2025-06-02 21:19:39,Regular
CUST_0535,42,Female,Mumbai,2024-05-23 05:28:08,Regular
CUST_0536,38,Female,Delhi,2024-09-29 09:55:07,Regular
CUST_0537,53,Female,Delhi,2024-04-06 13:38:48,Regular
CUST_0538,27,Female,Bengaluru,2025-12-04 07:13:16,Premium
CUST_0539,54,Female,Chennai,2025-05-24 18:00:49,Regular
CUST_0540,26,Female,Hyderabad,2024-09-15 05:06:44,Regular
CUST_0541,41,Male,Mumbai,2025-04-26 04:33:16,Regular
CUST_0542,52,Male,Hyderabad,2025-04-19 14:36:19,Regular
CUST_0543,52,Female,Pune,2024-11-23 23:43:26,Regular
CUST_0544,53,Female,Hyderabad,2024-02-14 22:17:37,Regular
CUST_0545,35,Female,Pune,2025-03-16 21:11:43,Regular
CUST_0546,56,Female,Chennai,2025-08-08 21:58:32,Premium
CUST_0547,49,Male,Pune,2024-02-24 20:30:00,Regular
CUST_0548,41,Male,Hyderabad,2025-05-31 09:34:29,Premium
CUST_0549,40,Female,Hyderabad,2024-06-24 13:36:10,Regular
CUST_0550,49,Male,Pune,2025-08-06 21:57:09,Premium
CUST_0551,54,Male,Delhi,2024-09-13 08:13:43,Premium
CUST_0552,29,Female,Chennai,2024-12-18 08:31:17,Regular
CUST_0553,30,Male,Bengaluru,2025-09-19 03:05:04,Premium
CUST_0554,40,Female,Mumbai,2024-10-22 04:32:44,Regular
CUST_0555,42,Male,Hyderabad,2024-07-18 23:40:06,Premium
CUST_0556,52,Female,Mumbai,2025-11-27 01:11:08,Regular
CUST_0557,58,Male,Bengaluru,2024-08-21 01:48:28,Regular
CUST_0558,47,Male,Mumbai,2025-11-29 12:03:45,Regular
CUST_0559,34,Male,Bengaluru,2024-07-23 06:39:04,Premium
CUST_0560,37,Male,Pune,2025-07-30 16:24:55,Regular
CUST_0561,42,Male,Delhi,2025-03-20 00:38:31,Regular
CUST_0562,39,Male,Hyderabad,2025-07-01 13:07:18,Regular
CUST_0563,30,Female,Bengaluru,2024-02-06 00:04:51,Premium
CUST_0564,36,Male,Mumbai,2024-07-28 21:35:13,Regular
CUST_0565,53,Female,Hyderabad,2024-05-15 06:56:02,Regular
CUST_0566,29,Female,Delhi,2024-06-04 11:03:55,Regular
CUST_0567,58,Female,Pune,2024-10-17 09:32:53,Regular
CUST_0568,36,Male,Hyderabad,2024-07-28 03:52:11,Regular
CUST_0569,29,Female,Bengaluru,2024-09-21 15:20:11,Premium
CUST_0570,26,Male,Delhi,2024-08-11 23:45:24,Regular
CUST_0571,24,Male,Mumbai,2025-05-27 22:54:19,Regular
CUST_0572,45,Other,Delhi,2025-05-16 04:09:11,Regular
CUST_0573,31,Male,Delhi,2025-08-05 08:52:05,Regular
CUST_0574,48,Female,Chennai,2024-02-22 04:59:44,Regular
CUST_0575,36,Female,Delhi,2024-12-24 17:25:40,Regular
CUST_0576,64,Female,Delhi,2024-11-02 04:41:31,Regular
CUST_0577,33,Female,Hyderabad,2025-08-07 10:35:22,Premium
CUST_0578,22,Male,Mumbai,2025-02-22 02:41:38,Regular
CUST_0579,52,Male,Hyderabad,2025-06-11 18:10:20,Premium
CUST_0580,29,Female,Hyderabad,2025-07-11 14:20:40,Premium
CUST_0581,42,Male,Bengaluru,2025-06-21 08:09:20,Regular
CUST_0582,38,Male,Hyderabad,2024-04-16 05:47:33,Premium
CUST_0583,53,Male,Chennai,2024-02-08 01:04:53,Regular
CUST_0584,40,Male,Chennai,2024-01-12 18:38:01,Regular
CUST_0585,33,Male,Bengaluru,2025-09-16 03:34:12,Regular
CUST_0586,56,Male,Pune,2024-04-07 19:31:55,Regular
CUST_0587,62,Female,Mumbai,2024-10-31 01:38:54,Regular
CUST_0588,59,Female,Mumbai,2024-12-31 15:07:32,Regular
CUST_0589,56,Female,Hyderabad,2024-01-28 01:32:57,Regular
CUST_0590,31,Male,Hyderabad,2025-12-31 09:53:49,Regular
CUST_0591,48,Male,Pune,2025-01-08 12:24:44,Premium
CUST_0592,22,Male,Hyderabad,2024-07-22 12:23:00,Regular
CUST_0593,52,Female,Mumbai,2024-08-27 12:56:05,Regular
CUST_0594,40,Female,Delhi,2025-04-03 08:32:23,Regular
CUST_0595,46,Male,Chennai,2025-05-19 01:55:13,Regular
CUST_0596,60,Female,Delhi,2024-07-03 01:24:37,Regular
CUST_0597,28,Male,Delhi,2024-11-07 02:02:56,Premium
CUST_0598,35,Female,Mumbai,2025-07-18 00:15:09,Regular
CUST_0599,64,Female,Delhi,2025-01-02 11:48:25,Regular
CUST_0600,29,Female,Pune,2024-01-09 12:59:14,Premium
CUST_0601,26,Female,Bengaluru,2025-02-26 00:28:08,Premium
CUST_0602,27,Female,Hyderabad,2024-03-31 17:48:50,Regular
CUST_0603,61,Male,Bengaluru,2025-11-10 06:40:46,Regular
CUST_0604,34,Female,Chennai,2024-04-15 06:36:21,Regular
CUST_0605,55,Male,Hyderabad,2024-03-09 16:24:21,Regular
CUST_0606,24,Female,Delhi,2024-02-22 04:56:19,Regular
CUST_0607,63,Female,Chennai,2025-05-08 07:34:47,Regular
CUST_0608,30,Female,Hyderabad,2024-10-30 13:20:28,Premium
CUST_0609,57,Male,Pune,2025-06-29 07:54:18,Premium
CUST_0610,59,Female,Pune,2024-05-11 14:00:56,Regular
CUST_0611,26,Female,Pune,2025-05-30 16:57:07,Regular
CUST_0612,44,Female,Pune,2025-06-01 07:49:13,Regular
CUST_0613,19,Male,Delhi,2024-06-18 09:02:51,Regular
CUST_0614,22,Male,Bengaluru,2024-12-15 02:15:53,Regular
CUST_0615,46,Male,Hyderabad,2024-10-08 17:18:29,Premium
CUST_0616,54,Male,Delhi,2025-09-03 21:14:40,Regular
CUST_0617,55,Female,Pune,2024-03-30 04:11:34,Regular
CUST_0618,36,Male,Bengaluru,2025-02-19 21:28:59,Premium
CUST_0619,25,Other,Chennai,2024-03-21 21:50:07,Regular
CUST_0620,62,Male,Chennai,2024-12-28 17:02:38,Regular
CUST_0621,18,Male,Chennai,2024-02-22 11:04:48,Regular
CUST_0622,39,Female,Pune,2024-10-08 21:49:27,Regular
CUST_0623,34,Female,Chennai,2024-11-20 00:35:39,Premium
CUST_0624,24,Female,Mumbai,2024-12-27 02:04:41,Regular
CUST_0625,42,Female,Hyderabad,2025-10-27 02:26:19,Regular
CUST_0626,62,Female,Hyderabad,2024-01-28 08:26:02,Regular
CUST_0627,21,Male,Pune,2025-10-01 01:05:57,Premium
CUST_0628,53,Other,Mumbai,2024-03-06 18:00:20,Regular
CUST_0629,23,Other,Delhi,2025-11-21 05:22:49,Regular
CUST_0630,48,Female,Delhi,2024-08-13 08:20:10,Regular
CUST_0631,36,Male,Chennai,2025-01-11 19:40:30,Regular
CUST_0632,61,Female,Bengaluru,2025-05-26 01:09:49,Regular
CUST_0633,56,Male,Delhi,2025-02-19 12:15:36,Regular
CUST_0634,44,Male,Bengaluru,2025-06-22 11:21:05,Regular
CUST_0635,27,Male,Hyderabad,2025-05-05 08:26:12,Regular
CUST_0636,43,Male,Bengaluru,2025-11-08 16:21:26,Premium
CUST_0637,36,Female,Hyderabad,2024-04-05 19:26:23,Regular
CUST_0638,56,Female,Mumbai,2024-07-16 13:36:31,Regular
CUST_0639,20,Female,Mumbai,2025-08-22 10:29:08,Regular
CUST_0640,62,Male,Pune,2025-11-10 23:19:52,Premium
CUST_0641,30,Male,Pune,2025-01-08 15:58:24,Regular
CUST_0642,45,Male,Chennai,2024-08-19 05:31:34,Premium
CUST_0643,37,Other,Delhi,2024-04-26 02:23:53,Premium
CUST_0644,45,Male,Chennai,2024-08-12 08:40:38,Regular
CUST_0645,25,Female,Hyderabad,2024-08-04 00:29:39,Premium
CUST_0646,58,Female,Chennai,2024-03-02 09:22:00,Regular
CUST_0647,56,Male,Bengaluru,2025-09-06 15:10:53,Regular
CUST_0648,18,Female,Hyderabad,2025-02-09 02:52:59,Premium
CUST_0649,20,Female,Pune,2024-03-08 06:56:15,Regular
CUST_0650,30,Female,Mumbai,2024-10-05 00:07:43,Regular
CUST_0651,45,Female,Pune,2024-05-25 10:17:14,Regular
CUST_0652,42,Male,Delhi,2024-12-01 21:49:40,Regular
CUST_0653,50,Male,Hyderabad,2024-10-16 23:55:15,Premium
CUST_0654,55,Female,Hyderabad,2024-03-15 21:57:32,Regular
CUST_0655,23,Female,Bengaluru,2024-09-27 15:28:06,Regular
CUST_0656,61,Male,Delhi,2024-07-30 12:32:35,Regular
CUST_0657,62,Female,Mumbai,2024-06-13 13:58:06,Regular
CUST_0658,49,Female,Hyderabad,2024-07-03 04:21:06,Premium
CUST_0659,62,Female,Hyderabad,2025-01-31 04:32:08,Regular
CUST_0660,64,Male,Bengaluru,2024-01-05 09:17:19,Premium
CUST_0661,38,Female,Chennai,2025-01-29 11:32:26,Regular
CUST_0662,33,Female,Mumbai,2024-03-22 10:20:55,Regular
CUST_0663,38,Male,Pune,2024-04-06 20:32:32,Regular
CUST_0664,28,Male,Delhi,2025-09-08 05:40:38,Regular
CUST_0665,54,Other,Hyderabad,2025-05-06 20:17:59,Regular
CUST_0666,53,Male,Hyderabad,2024-08-30 03:02:31,Regular
CUST_0667,52,Female,Pune,2024-07-16 08:17:48,Regular
CUST_0668,36,Female,Mumbai,2025-01-01 21:02:13,Premium
CUST_0669,37,Male,Chennai,2025-08-04 17:58:18,Regular
CUST_0670,35,Female,Hyderabad,2024-10-27 06:51:47,Regular
CUST_0671,64,Male,Mumbai,2025-03-14 22:51:19,Regular
CUST_0672,58,Female,Pune,2024-06-07 19:36:34,Regular
CUST_0673,31,Male,Bengaluru,2024-12-14 11:46:36,Regular
CUST_0674,32,Female,Chennai,2025-04-16 12:28:24,Premium
CUST_0675,48,Male,Delhi,2025-08-30 21:19:29,Premium
CUST_0676,18,Male,Hyderabad,2025-04-19 07:48:49,Regular
CUST_0677,20,Other,Mumbai,2024-08-19 04:42:52,Regular
CUST_0678,33,Male,Bengaluru,2025-10-11 16:24:46,Regular
CUST_0679,40,Female,Delhi,2025-09-30 08:29:47,Regular
CUST_0680,28,Male,Mumbai,2024-09-08 12:36:38,Regular
CUST_0681,29,Female,Mumbai,2025-06-29 07:03:53,Regular
CUST_0682,27,Male,Delhi,2024-07-22 00:06:27,Regular
CUST_0683,49,Other,Bengaluru,2024-08-19 21:19:21,Regular
CUST_0684,33,Male,Pune,2024-10-17 00:05:59,Premium
CUST_0685,25,Male,Bengaluru,2024-09-16 16:51:20,Regular
CUST_0686,55,Male,Chennai,2024-08-25 19:16:06,Regular
CUST_0687,29,Male,Hyderabad,2024-07-14 20:03:16,Regular
CUST_0688,41,Female,Delhi,2024-12-11 15:08:15,Regular
CUST_0689,45,Male,Pune,2025-05-28 14:57:23,Premium
CUST_0690,25,Female,Delhi,2025-10-19 18:47:13,Premium
CUST_0691,45,Male,Delhi,2024-07-16 03:49:30,Premium
CUST_0692,53,Male,Bengaluru,2025-04-24 08:57:50,Regular
CUST_0693,43,Female,Hyderabad,2025-12-17 17:59:59,Regular
CUST_0694,25,Female,Chennai,2025-10-13 10:55:23,Regular
CUST_0695,45,Male,Mumbai,2025-07-15 21:01:09,Premium
CUST_0696,45,Male,Mumbai,2024-11-09 11:03:04,Regular
CUST_0697,54,Male,Delhi,2024-04-02 06:32:48,Premium
CUST_0698,58,Female,Hyderabad,2024-11-25 15:24:42,Premium
CUST_0699,53,Female,Pune,2024-12-07 20:49:29,Regular
CUST_0700,44,Male,Bengaluru,2025-02-18 05:45:15,Regular
CUST_0701,34,Female,Hyderabad,2025-05-29 23:27:02,Regular
CUST_0702,26,Female,Hyderabad,2024-01-09 20:17:45,Premium
CUST_0703,50,Female,Bengaluru,2024-09-27 22:14:16,Regular
CUST_0704,37,Female,Delhi,2025-10-10 03:42:17,Premium
CUST_0705,30,Male,Hyderabad,2024-06-20 05:22:32,Regular
CUST_0706,45,Male,Mumbai,2024-01-04 13:43:37,Regular
CUST_0707,46,Male,Bengaluru,2024-05-11 14:02:34,Premium
CUST_0708,30,Male,Pune,2024-01-09 14:52:28,Regular
CUST_0709,63,Female,Chennai,2025-06-11 13:00:02,Regular
CUST_0710,52,Female,Delhi,2024-11-11 01:10:34,Regular
CUST_0711,23,Male,Bengaluru,2025-10-03 10:15:40,Regular
CUST_0712,35,Male,Chennai,2025-12-09 07:26:44,Premium
CUST_0713,22,Male,Chennai,2025-08-01 15:16:23,Regular
CUST_0714,64,Female,Pune,2025-06-28 13:28:07,Premium
CUST_0715,42,Male,Hyderabad,2024-01-09 11:57:55,Premium
CUST_0716,19,Female,Pune,2025-10-16 11:18:06,Regular
CUST_0717,27,Male,Hyderabad,2025-01-14 08:10:06,Regular
CUST_0718,47,Male,Hyderabad,2024-04-22 02:40:27,Regular
CUST_0719,62,Other,Bengaluru,2024-04-19 01:26:34,Regular
CUST_0720,22,Other,Bengaluru,2025-05-07 09:05:46,Premium
CUST_0721,50,Male,Delhi,2025-10-07 11:55:44,Regular
CUST_0722,18,Female,Hyderabad,2024-03-12 16:37:04,Regular
CUST_0723,35,Female,Chennai,2025-05-06 21:29:18,Regular
CUST_0724,49,Female,Mumbai,2025-07-12 12:53:07,Regular
CUST_0725,64,Male,Delhi,2025-04-03 02:05:25,Regular
CUST_0726,28,Female,Bengaluru,2025-04-05 01:03:19,Premium
CUST_0727,38,Female,Pune,2024-11-05 18:04:37,Regular
CUST_0728,43,Female,Delhi,2024-03-02 13:18:51,Regular
CUST_0729,42,Male,Delhi,2025-01-10 23:01:12,Regular
CUST_0730,39,Male,Delhi,2025-11-14 17:04:30,Regular
CUST_0731,44,Male,Delhi,2024-08-16 11:39:20,Regular
CUST_0732,30,Female,Mumbai,2024-05-04 06:18:21,Regular
CUST_0733,50,Male,Pune,2024-05-09 01:49:13,Regular
CUST_0734,51,Female,Pune,2024-11-27 23:12:48,Regular
CUST_0735,58,Other,Pune,2025-03-10 01:27:13,Regular
CUST_0736,52,Male,Hyderabad,2025-01-24 19:22:44,Regular
CUST_0737,18,Female,Chennai,2025-10-05 02:58:27,Premium
CUST_0738,38,Male,Pune,2024-10-21 08:58:27,Premium
CUST_0739,23,Female,Delhi,2025-07-25 17:07:52,Regular
CUST_0740,45,Male,Delhi,2025-05-20 17:22:18,Premium
CUST_0741,34,Female,Pune,2025-10-23 20:00:55,Premium
CUST_0742,22,Female,Pune,2025-04-06 01:19:49,Regular
CUST_0743,48,Female,Delhi,2025-04-11 21:18:24,Regular
CUST_0744,22,Female,Hyderabad,2024-08-27 01:30:25,Premium
CUST_0745,55,Female,Bengaluru,2024-09-07 14:58:45,Regular
CUST_0746,20,Female,Bengaluru,2025-11-28 16:04:42,Regular
CUST_0747,40,Female,Pune,2025-07-05 04:51:45,Premium
CUST_0748,54,Female,Mumbai,2025-01-08 17:40:30,Regular
CUST_0749,54,Male,Pune,2025-06-06 20:11:11,Regular
CUST_0750,27,Female,Pune,2024-01-31 00:05:16,Premium
CUST_0751,27,Female,Bengaluru,2025-07-29 04:58:33,Regular
CUST_0752,36,Female,Delhi,2025-01-20 00:32:20,Regular
CUST_0753,34,Male,Pune,2025-04-01 14:22:37,Regular
CUST_0754,38,Female,Delhi,2025-11-13 23:31:16,Regular
CUST_0755,31,Male,Delhi,2025-07-27 08:06:29,Premium
CUST_0756,26,Female,Mumbai,2025-03-27 07:26:29,Regular
CUST_0757,63,Male,Delhi,2024-12-03 07:09:49,Regular
CUST_0758,18,Female,Bengaluru,2025-05-16 14:25:25,Regular
CUST_0759,62,Other,Hyderabad,2025-06-23 13:44:29,Regular
CUST_0760,30,Male,Hyderabad,2024-11-21 02:22:09,Regular
CUST_0761,21,Other,Chennai,2025-02-23 04:53:01,Premium
CUST_0762,18,Male,Pune,2025-06-27 21:07:24,Regular
CUST_0763,57,Female,Bengaluru,2024-09-29 01:29:02,Regular
CUST_0764,49,Female,Delhi,2025-09-20 19:58:21,Regular
CUST_0765,51,Female,Hyderabad,2025-11-26 22:00:34,Premium
CUST_0766,45,Female,Bengaluru,2025-04-17 05:40:45,Premium
CUST_0767,48,Female,Hyderabad,2024-08-16 00:00:05,Premium
CUST_0768,25,Male,Delhi,2025-02-03 18:03:08,Premium
CUST_0769,56,Male,Hyderabad,2025-09-17 12:33:11,Premium
CUST_0770,43,Female,Pune,2024-10-28 06:24:43,Regular
CUST_0771,51,Female,Pune,2024-12-16 10:35:24,Regular
CUST_0772,20,Female,Chennai,2024-06-03 07:14:50,Regular
CUST_0773,29,Female,Chennai,2024-05-02 23:34:03,Premium
CUST_0774,18,Male,Hyderabad,2025-08-19 11:26:08,Premium
CUST_0775,61,Female,Bengaluru,2025-09-10 12:30:39,Regular
CUST_0776,22,Male,Pune,2025-06-11 05:53:14,Premium
CUST_0777,47,Female,Bengaluru,2025-08-14 04:45:00,Regular
CUST_0778,47,Male,Bengaluru,2025-07-31 00:28:33,Regular
CUST_0779,34,Male,Hyderabad,2025-05-13 20:07:38,Regular
CUST_0780,64,Male,Bengaluru,2024-03-02 07:23:10,Regular
CUST_0781,40,Male,Pune,2025-01-12 21:41:47,Regular
CUST_0782,32,Female,Delhi,2024-05-22 08:35:55,Regular
CUST_0783,54,Male,Chennai,2025-01-07 22:12:21,Regular
CUST_0784,38,Male,Delhi,2025-04-13 13:18:07,Regular
CUST_0785,31,Male,Bengaluru,2025-07-27 14:08:03,Premium
CUST_0786,19,Male,Delhi,2025-11-23 10:54:26,Premium
CUST_0787,28,Male,Pune,2025-11-20 00:48:59,Premium
CUST_0788,56,Male,Pune,2025-06-03 04:31:43,Regular
CUST_0789,55,Female,Bengaluru,2024-01-22 01:56:07,Regular
CUST_0790,51,Female,Hyderabad,2025-03-03 09:34:55,Regular
CUST_0791,55,Female,Delhi,2025-09-08 02:18:01,Regular
CUST_0792,51,Male,Hyderabad,2024-12-09 17:34:53,Regular
CUST_0793,35,Male,Hyderabad,2024-12-15 22:47:20,Regular
CUST_0794,47,Female,Mumbai,2024-01-19 06:25:15,Regular
CUST_0795,32,Female,Bengaluru,2025-04-19 07:47:22,Regular
CUST_0796,44,Male,Chennai,2024-10-17 05:34:28,Regular
CUST_0797,51,Male,Pune,2025-10-15 01:32:01,Regular
CUST_0798,55,Male,Pune,2024-07-28 19:13:26,Regular
CUST_0799,50,Male,Bengaluru,2025-06-10 00:17:58,Regular
CUST_0800,41,Male,Chennai,2025-06-22 11:07:17,Regular
CUST_0801,32,Female,Pune,2025-10-06 15:44:53,Regular
CUST_0802,47,Female,Bengaluru,2025-10-09 16:52:33,Regular
CUST_0803,59,Female,Pune,2025-09-09 18:59:37,Regular
CUST_0804,34,Female,Hyderabad,2025-12-06 09:23:17,Regular
CUST_0805,22,Female,Delhi,2024-05-09 15:02:27,Regular
CUST_0806,46,Female,Delhi,2024-03-03 23:08:27,Regular
CUST_0807,21,Female,Pune,2025-07-17 23:14:58,Regular
CUST_0808,27,Male,Mumbai,2025-10-26 18:08:28,Premium
CUST_0809,34,Male,Chennai,2024-03-22 23:05:30,Regular
CUST_0810,27,Male,Chennai,2025-07-15 06:45:16,Regular
CUST_0811,34,Female,Chennai,2024-11-04 06:46:57,Regular
CUST_0812,37,Female,Hyderabad,2025-06-21 10:12:32,Regular
CUST_0813,41,Male,Chennai,2024-12-14 11:58:34,Regular
CUST_0814,22,Female,Delhi,2024-08-15 17:15:22,Regular
CUST_0815,51,Male,Hyderabad,2024-10-17 00:59:32,Premium
CUST_0816,23,Female,Bengaluru,2025-03-01 09:58:25,Regular
CUST_0817,19,Male,Chennai,2025-11-23 08:21:53,Regular
CUST_0818,30,Male,Chennai,2024-12-29 09:25:10,Regular
CUST_0819,60,Female,Bengaluru,2024-04-17 19:27:03,Premium
CUST_0820,60,Male,Chennai,2024-09-26 12:01:16,Regular
CUST_0821,28,Male,Bengaluru,2025-06-04 13:28:09,Premium
CUST_0822,64,Male,Hyderabad,2025-02-09 03:27:03,Regular
CUST_0823,40,Female,Delhi,2025-01-06 00:57:01,Premium
CUST_0824,33,Female,Bengaluru,2025-10-14 10:39:31,Premium
CUST_0825,48,Male,Mumbai,2025-10-06 12:13:34,Regular
CUST_0826,28,Female,Bengaluru,2025-10-22 15:23:09,Regular
CUST_0827,33,Female,Chennai,2024-09-11 00:02:50,Regular
CUST_0828,25,Male,Hyderabad,2025-05-29 12:35:50,Regular
CUST_0829,21,Male,Pune,2024-01-05 21:55:28,Regular
CUST_0830,57,Male,Hyderabad,2024-11-16 14:50:34,Regular
CUST_0831,21,Male,Pune,2024-12-16 02:22:11,Regular
CUST_0832,42,Female,Bengaluru,2024-05-08 12:23:51,Regular
CUST_0833,20,Male,Delhi,2025-11-06 00:27:29,Premium
CUST_0834,49,Female,Mumbai,2024-10-25 08:33:25,Regular
CUST_0835,20,Female,Hyderabad,2025-07-23 12:43:08,Regular
CUST_0836,44,Male,Chennai,2025-12-22 19:49:41,Regular
CUST_0837,46,Female,Pune,2025-04-08 00:24:11,Premium
CUST_0838,49,Male,Chennai,2025-08-24 15:34:32,Regular
CUST_0839,36,Other,Delhi,2024-12-28 00:45:24,Regular
CUST_0840,38,Female,Pune,2025-03-25 07:18:33,Regular
CUST_0841,22,Female,Hyderabad,2024-06-06 14:58:43,Regular
CUST_0842,35,Female,Bengaluru,2025-10-22 02:52:20,Regular
CUST_0843,45,Male,Chennai,2024-04-08 16:50:35,Premium
CUST_0844,59,Female,Delhi,2024-08-02 16:51:11,Premium
CUST_0845,39,Female,Hyderabad,2024-09-11 06:47:55,Regular
CUST_0846,38,Female,Hyderabad,2025-05-08 11:06:17,Premium
CUST_0847,23,Female,Hyderabad,2025-01-26 14:58:06,Regular
CUST_0848,18,Female,Hyderabad,2025-04-10 11:19:06,Regular
CUST_0849,22,Male,Pune,2024-06-14 07:55:03,Premium
CUST_0850,58,Male,Hyderabad,2025-07-10 23:13:45,Regular
CUST_0851,29,Female,Chennai,2025-03-31 20:13:47,Premium
CUST_0852,43,Male,Delhi,2024-10-25 21:55:51,Regular
CUST_0853,63,Female,Pune,2024-08-01 08:39:29,Regular
CUST_0854,51,Female,Hyderabad,2025-12-30 22:14:14,Regular
CUST_0855,31,Male,Mumbai,2025-05-17 15:24:55,Regular
CUST_0856,43,Male,Mumbai,2025-07-20 17:15:27,Regular
CUST_0857,62,Female,Delhi,2024-03-22 23:40:10,Premium
CUST_0858,44,Male,Bengaluru,2024-07-08 22:43:33,Regular
CUST_0859,26,Female,Bengaluru,2024-12-05 08:57:08,Premium
CUST_0860,43,Male,Pune,2025-07-22 07:26:18,Premium
CUST_0861,64,Female,Pune,2025-11-04 07:32:08,Regular
CUST_0862,39,Male,Pune,2025-08-26 10:52:12,Regular
CUST_0863,64,Female,Bengaluru,2025-08-26 11:45:06,Regular
CUST_0864,47,Male,Mumbai,2024-07-18 17:24:59,Regular
CUST_0865,60,Female,Bengaluru,2024-11-03 09:49:00,Premium
CUST_0866,34,Male,Chennai,2024-01-23 00:15:40,Regular
CUST_0867,43,Female,Hyderabad,2025-03-29 17:40:25,Regular
CUST_0868,53,Female,Pune,2025-06-18 18:54:27,Regular
CUST_0869,18,Male,Mumbai,2025-01-14 12:50:16,Regular
CUST_0870,25,Male,Delhi,2025-10-17 06:46:13,Regular
CUST_0871,52,Male,Delhi,2024-12-24 11:48:07,Regular
CUST_0872,32,Female,Hyderabad,2024-10-10 21:56:06,Regular
CUST_0873,64,Female,Mumbai,2025-10-22 04:52:42,Regular
CUST_0874,39,Female,Bengaluru,2024-03-26 14:24:33,Regular
CUST_0875,31,Male,Bengaluru,2025-03-17 10:16:18,Regular
CUST_0876,43,Male,Chennai,2025-05-27 00:36:16,Regular
CUST_0877,45,Female,Chennai,2025-11-10 02:34:07,Premium
CUST_0878,40,Female,Bengaluru,2025-09-24 07:50:48,Regular
CUST_0879,31,Other,Delhi,2025-07-01 04:58:04,Regular
CUST_0880,41,Male,Pune,2025-09-28 06:12:22,Regular
CUST_0881,19,Female,Delhi,2025-09-05 21:00:32,Regular
CUST_0882,62,Male,Chennai,2025-06-03 03:45:06,Premium
CUST_0883,43,Male,Hyderabad,2024-04-01 03:04:51,Regular
CUST_0884,31,Female,Bengaluru,2025-09-18 04:26:59,Regular
CUST_0885,24,Female,Chennai,2024-07-31 00:19:00,Premium
CUST_0886,20,Other,Chennai,2024-03-09 00:01:33,Regular
CUST_0887,64,Male,Pune,2025-08-28 07:02:58,Regular
CUST_0888,40,Male,Bengaluru,2025-06-22 06:12:50,Regular
CUST_0889,63,Female,Pune,2025-10-29 12:56:16,Regular
CUST_0890,60,Female,Bengaluru,2024-12-07 06:40:38,Regular
CUST_0891,64,Male,Pune,2025-12-27 21:25:46,Regular
CUST_0892,62,Male,Delhi,2025-05-08 06:31:53,Premium
CUST_0893,35,Male,Hyderabad,2025-10-26 16:24:45,Premium
CUST_0894,55,Female,Hyderabad,2025-09-21 13:24:32,Regular
CUST_0895,52,Male,Bengaluru,2024-11-09 03:05:53,Regular
CUST_0896,32,Male,Mumbai,2025-02-05 00:39:08,Premium
CUST_0897,42,Male,Chennai,2024-02-19 18:41:55,Regular
CUST_0898,54,Male,Chennai,2025-07-16 21:04:28,Premium
CUST_0899,45,Male,Bengaluru,2024-03-19 05:53:23,Premium
CUST_0900,27,Female,Pune,2025-07-17 18:38:44,Regular
CUST_0901,56,Male,Mumbai,2025-04-09 23:37:53,Regular
CUST_0902,34,Female,Delhi,2024-01-19 22:37:55,Regular
CUST_0903,56,Male,Pune,2024-06-24 01:30:40,Regular
CUST_0904,39,Female,Pune,2024-10-26 10:48:17,Premium
CUST_0905,43,Female,Bengaluru,2025-07-31 04:56:32,Regular
CUST_0906,61,Female,Bengaluru,2024-07-22 11:04:25,Premium
CUST_0907,42,Female,Chennai,2024-04-27 02:21:13,Regular
CUST_0908,34,Male,Bengaluru,2025-08-18 23:31:56,Regular
CUST_0909,30,Male,Bengaluru,2024-10-06 11:35:47,Regular
CUST_0910,37,Female,Bengaluru,2025-02-04 08:25:23,Regular
CUST_0911,42,Other,Chennai,2025-08-14 06:19:02,Regular
CUST_0912,21,Female,Delhi,2024-10-23 04:03:21,Regular
CUST_0913,27,Female,Delhi,2025-08-04 04:06:18,Premium
CUST_0914,20,Female,Bengaluru,2024-04-14 12:42:50,Regular
CUST_0915,58,Male,Chennai,2024-03-29 02:17:12,Regular
CUST_0916,62,Male,Delhi,2025-01-16 18:33:12,Regular
CUST_0917,35,Female,Pune,2025-05-09 08:08:36,Premium
CUST_0918,64,Female,Delhi,2024-08-25 01:25:13,Regular
CUST_0919,53,Male,Delhi,2024-06-07 19:53:36,Regular
CUST_0920,64,Female,Chennai,2024-06-15 08:51:28,Premium
CUST_0921,39,Male,Pune,2025-01-10 10:59:33,Premium
CUST_0922,51,Female,Chennai,2025-01-02 14:59:45,Regular
CUST_0923,64,Male,Bengaluru,2025-01-16 12:32:55,Regular
CUST_0924,25,Male,Hyderabad,2024-03-02 01:57:00,Regular
CUST_0925,57,Female,Delhi,2024-11-01 05:33:28,Regular
CUST_0926,61,Male,Hyderabad,2025-10-06 04:53:48,Premium
CUST_0927,36,Female,Chennai,2025-04-17 12:40:35,Regular
CUST_0928,59,Female,Chennai,2024-06-22 20:25:40,Premium
CUST_0929,58,Female,Chennai,2024-01-21 09:01:51,Regular
CUST_0930,54,Male,Hyderabad,2024-02-10 23:50:15,Regular
CUST_0931,23,Male,Chennai,2024-04-07 14:56:50,Regular
CUST_0932,43,Male,Bengaluru,2024-10-06 17:04:20,Regular
CUST_0933,51,Other,Chennai,2024-02-23 08:35:46,Premium
CUST_0934,62,Female,Mumbai,2025-11-18 21:53:15,Premium
CUST_0935,23,Female,Hyderabad,2025-03-12 06:28:41,Regular
CUST_0936,54,Female,Mumbai,2025-07-27 09:22:58,Regular
CUST_0937,50,Female,Chennai,2024-03-02 22:37:06,Regular
CUST_0938,39,Female,Bengaluru,2024-06-07 13:02:36,Regular
CUST_0939,38,Male,Delhi,2025-04-07 07:48:11,Regular
CUST_0940,23,Female,Pune,2025-02-13 00:13:58,Regular
CUST_0941,23,Male,Pune,2024-06-21 11:02:06,Regular
CUST_0942,21,Female,Chennai,2025-10-14 19:45:58,Premium
CUST_0943,47,Female,Bengaluru,2025-03-21 05:31:50,Regular
CUST_0944,28,Female,Hyderabad,2024-04-14 08:51:37,Regular
CUST_0945,47,Male,Mumbai,2024-04-06 02:25:43,Regular
CUST_0946,48,Male,Mumbai,2025-05-27 20:22:28,Regular
CUST_0947,41,Male,Mumbai,2025-10-18 01:49:08,Regular
CUST_0948,26,Male,Hyderabad,2025-10-13 14:53:01,Premium
CUST_0949,20,Male,Pune,2025-06-13 22:52:06,Premium
CUST_0950,48,Female,Bengaluru,2025-01-12 02:07:37,Regular
CUST_0951,57,Female,Hyderabad,2025-11-21 08:20:35,Regular
CUST_0952,54,Male,Mumbai,2025-10-16 10:16:46,Regular
CUST_0953,53,Male,Chennai,2025-10-20 22:45:05,Premium
CUST_0954,41,Male,Delhi,2024-03-18 07:19:15,Regular
CUST_0955,48,Female,Hyderabad,2024-03-07 09:46:20,Regular
CUST_0956,23,Female,Hyderabad,2025-10-08 11:56:12,Regular
CUST_0957,19,Female,Bengaluru,2024-09-20 21:58:31,Regular
CUST_0958,37,Female,Bengaluru,2025-12-09 21:54:48,Regular
CUST_0959,45,Other,Hyderabad,2025-12-19 01:10:07,Premium
CUST_0960,28,Female,Mumbai,2024-06-19 23:43:14,Regular
CUST_0961,21,Male,Delhi,2024-01-03 14:36:31,Regular
CUST_0962,32,Female,Bengaluru,2025-07-14 17:48:22,Regular
CUST_0963,23,Male,Mumbai,2024-03-18 12:42:21,Premium
CUST_0964,47,Female,Chennai,2024-07-15 09:30:03,Premium
CUST_0965,55,Male,Bengaluru,2025-07-02 22:10:53,Regular
CUST_0966,19,Female,Mumbai,2025-03-06 09:44:24,Premium
CUST_0967,32,Female,Mumbai,2024-09-04 12:28:10,Regular
CUST_0968,28,Female,Delhi,2024-11-19 11:51:31,Regular
CUST_0969,25,Female,Delhi,2025-11-26 12:52:09,Regular
CUST_0970,43,Male,Chennai,2024-06-12 06:34:54,Regular
CUST_0971,62,Male,Mumbai,2024-08-11 12:36:50,Regular
CUST_0972,61,Male,Pune,2024-12-10 00:24:04,Regular
CUST_0973,22,Male,Mumbai,2024-12-07 21:02:56,Regular
CUST_0974,23,Female,Delhi,2024-06-06 04:29:54,Premium
CUST_0975,43,Male,Pune,2024-03-05 18:35:26,Regular
CUST_0976,21,Other,Bengaluru,2025-11-27 02:55:19,Regular
CUST_0977,36,Female,Bengaluru,2025-12-09 05:03:22,Regular
CUST_0978,37,Female,Hyderabad,2025-01-17 19:33:59,Regular
CUST_0979,50,Male,Delhi,2024-02-08 02:11:10,Regular
CUST_0980,37,Female,Hyderabad,2024-07-21 02:58:04,Regular
CUST_0981,29,Female,Pune,2025-02-01 15:26:27,Premium
CUST_0982,64,Female,Delhi,2024-10-31 03:07:13,Regular
CUST_0983,18,Female,Chennai,2025-02-15 15:53:00,Regular
CUST_0984,43,Female,Mumbai,2024-09-30 07:09:11,Premium
CUST_0985,31,Male,Chennai,2025-03-16 01:34:15,Regular
CUST_0986,55,Female,Pune,2025-11-28 05:17:29,Regular
CUST_0987,54,Male,Delhi,2025-09-02 19:58:59,Regular
CUST_0988,28,Male,Pune,2025-06-29 07:48:18,Regular
CUST_0989,53,Male,Mumbai,2024-01-02 17:02:25,Regular
CUST_0990,30,Male,Bengaluru,2024-02-13 21:33:44,Regular
CUST_0991,60,Male,Bengaluru,2025-05-20 11:40:32,Regular
CUST_0992,20,Male,Pune,2025-01-24 22:55:18,Regular
CUST_0993,50,Other,Hyderabad,2025-12-04 13:31:32,Premium
CUST_0994,23,Female,Delhi,2024-03-01 18:24:55,Regular
CUST_0995,27,Other,Delhi,2025-03-12 09:59:15,Regular
CUST_0996,22,Male,Bengaluru,2024-06-15 16:30:14,Premium
CUST_0997,40,Male,Chennai,2025-03-30 02:26:52,Regular
CUST_0998,27,Female,Mumbai,2024-11-10 05:21:08,Regular
CUST_0999,61,Male,Chennai,2024-02-29 14:25:34,Premium
CUST_1000,19,Male,Chennai,2024-05-22 12:13:49,Regular
